date,sales,store_id
2022-01-02,285.8,store_001
2022-01-03,54.400000000000006,store_001
2022-01-05,62.400000000000006,store_001
2022-01-06,72.2,store_001
2022-01-07,23.200000000000003,store_001
2022-01-08,68.0,store_001
2022-01-09,78.0,store_001
2022-01-10,78.0,store_001
2022-01-12,78.0,store_001
2022-01-14,117.0,store_001
2022-01-15,78.0,store_001
2022-01-16,29.0,store_001
2022-01-17,117.0,store_001
2022-01-18,29.0,store_001
2022-01-21,29.0,store_001
2022-01-22,157.0,store_001
2022-01-23,68.0,store_001
2022-01-24,78.0,store_001
2022-01-26,29.0,store_001
2022-01-27,78.0,store_001
2022-01-28,78.0,store_001
2022-01-29,196.0,store_001
2022-01-30,117.0,store_001
2022-01-31,29.0,store_001
2022-02-05,29.0,store_001
2022-02-10,68.0,store_001
2022-02-11,68.0,store_001
2022-02-12,157.0,store_001
2022-02-16,41.65,store_001
2022-02-19,68.0,store_001
2022-02-20,68.0,store_001
2022-02-21,79.0,store_001
2022-02-26,117.0,store_001
2022-02-27,68.0,store_001
2022-03-12,225.0,store_001
2022-03-18,127.0,store_001
2022-03-19,49.0,store_001
2022-03-20,78.0,store_001
2022-03-23,49.0,store_001
2022-03-26,29.0,store_001
2022-04-01,29.0,store_001
2022-04-02,78.0,store_001
2022-04-08,58.0,store_001
2022-04-09,117.0,store_001
2022-04-10,29.0,store_001
2022-04-14,29.0,store_001
2022-04-15,78.0,store_001
2022-04-16,196.0,store_001
2022-04-17,158.0,store_001
2022-04-21,29.0,store_001
2022-04-24,29.0,store_001
2022-04-27,29.0,store_001
2022-04-30,196.0,store_001
2022-05-01,146.0,store_001
2022-05-04,157.0,store_001
2022-05-05,78.0,store_001
2022-05-06,156.0,store_001
2022-05-07,324.0,store_001
2022-05-08,187.0,store_001
2022-05-09,78.0,store_001
2022-05-12,29.0,store_001
2022-05-13,127.0,store_001
2022-05-14,235.0,store_001
2022-05-15,49.0,store_001
2022-05-16,29.0,store_001
2022-05-19,29.0,store_001
2022-05-20,245.0,store_001
2022-05-21,167.0,store_001
2022-05-22,97.0,store_001
2022-05-23,29.0,store_001
2022-05-25,66.3,store_001
2022-05-26,141.1,store_001
2022-05-27,186.79999999999998,store_001
2022-05-28,452.0,store_001
2022-05-29,29.0,store_001
2022-05-30,127.0,store_001
2022-05-31,29.0,store_001
2022-06-01,49.0,store_001
2022-06-02,29.0,store_001
2022-06-03,29.0,store_001
2022-06-04,206.0,store_001
2022-06-05,196.0,store_001
2022-06-06,58.0,store_001
2022-06-07,29.0,store_001
2022-06-10,206.0,store_001
2022-06-11,373.0,store_001
2022-06-12,166.0,store_001
2022-06-13,195.0,store_001
2022-06-16,78.0,store_001
2022-06-17,78.0,store_001
2022-06-18,334.0,store_001
